scheduler,trials,frames,users_per_macro,include_mobility,include_orientation,include_nlos,nlos_profile,resource_control,mean_delta_used,std_delta_used,delta_switch_rate,mean_center_pool_size,mean_edge_pool_size,frac_delta_0_5,frac_delta_0_6667,frac_delta_0_8,adaptive_delta_enabled,adaptive_ofdma_enabled,adaptive_power_enabled,adaptive_max_users_per_region,adaptive_min_subcarriers_per_user,mean_sinr_db,median_sinr_db,avg_rate_bpshz,p5_rate_bpshz,coverage_continuity_10db,coverage_continuity_20db,outage_probability_10db,outage_probability_20db,avg_outage_duration_frames,p95_outage_duration_frames,link_opportunity_mean_sinr_db,link_opportunity_median_sinr_db,link_opportunity_avg_rate_bpshz,link_opportunity_continuity_10db,link_opportunity_continuity_20db,link_opportunity_outage_probability_10db,link_opportunity_outage_probability_20db,link_opportunity_avg_outage_duration_20db,scheduled_link_continuity_10db,scheduled_link_continuity_20db,service_avg_rate_bpshz_all_users,beam_switching_rate,fairness_over_time,mean_served_fraction,mean_user_throughput_bpshz,p5_user_throughput_bpshz,worst_user_throughput_bpshz,avg_time_between_services_frames,mean_service_gap_frames,p95_service_gap_frames,mean_longest_service_gap_frames,p95_longest_service_gap_frames,starvation_probability_gap10,edge_served_frame_ratio,center_served_frame_ratio,edge_coverage_continuity_10db,edge_coverage_continuity_20db,edge_outage_probability_10db,edge_outage_probability_20db,center_coverage_continuity_10db,center_coverage_continuity_20db,edge_frame_fraction,time_s,experiment,case,seed,wall_time_s
rr1,300.0,75.0,42.0,1.0,1.0,1.0,stress,static,0.6666666666666666,0.0,0.0,113.0,47.0,0.0,1.0,0.0,0.0,0.0,0.0,1.0,0.0,27.121682609289074,-300.0,88.46567510005714,0.0,0.02262645502645502,0.010223280423280419,0.977373544973545,0.9897767195767195,43.019915371171,75.0,26.560718042261477,-300.0,74.53706769355693,0.1058952380952381,0.05204021164021164,0.894104761904762,0.9479597883597883,20.815642717724696,0.16735832180857393,0.07789006450803007,14.72106279453353,0.014943157443157445,0.027085050131440646,0.16640423280423283,14.72106279453353,0.0,0.0,6.506049962996084,4.919458686434062,12.0,13.378571428571428,28.0,0.6446031746031746,0.1655542740025445,0.16534236741378072,0.02309242732415204,0.013416593815741005,0.9769075726758479,0.986583406184259,0.023004883546403686,0.008378208073485709,0.45396825396825397,832.2140333652496,main,combined_mobility_orientation_nlos,1,832.3044230937958
max_sinr,300.0,75.0,42.0,1.0,1.0,1.0,stress,static,0.6666666666666666,0.0,0.0,113.0,47.0,0.0,1.0,0.0,0.0,0.0,0.0,1.0,0.0,29.201766892035476,-7.620006232308478,184.50722735295884,0.0,0.05871534391534391,0.028223280423280424,0.9412846560846561,0.9717767195767196,48.31784699568557,75.0,29.73955922585646,-300.0,114.32583391161126,0.14756613756613757,0.07100740740740741,0.8524338624338624,0.9289925925925926,31.812509059283954,0.36177576861328054,0.18223360049057788,30.702783614505275,0.014943157443157445,0.06326987179141445,0.16640423280423278,30.702783614505268,0.0,0.0,17.095081158710325,15.796663190823775,63.0,43.14031746031746,75.0,0.9875396825396825,0.20977028940878578,0.13261443886045854,0.09591173138710339,0.06082337311256725,0.9040882686128966,0.9391766268874328,0.03135720339421183,0.004285294973030347,0.45396825396825397,833.7987997531891,main,combined_mobility_orientation_nlos,1,833.8859446048737
proportional_fair,300.0,75.0,42.0,1.0,1.0,1.0,stress,static,0.6666666666666666,0.0,0.0,113.0,47.0,0.0,1.0,0.0,0.0,0.0,0.0,1.0,0.0,29.175659146968087,-9.312191685456664,175.44015078364265,0.0,0.0496031746031746,0.019889947089947086,0.9503968253968254,0.9801100529100529,34.490355254338276,75.0,26.59431871094855,-300.0,73.84166248041255,0.1097957671957672,0.056656084656084654,0.8902042328042328,0.9433439153439154,23.675041164285336,0.37531349468323294,0.1703579501966501,29.19398369421098,0.014943157443157445,0.05363411121664357,0.16640423280423283,29.193983694210978,0.0,0.0,11.98363283307267,10.61569145352128,43.0,35.06896825396825,75.0,0.9788888888888889,0.1755562420791621,0.1605516696697711,0.06469497075850213,0.029899172653751176,0.9353050292414978,0.9701008273462488,0.039817513285883246,0.013529535202622303,0.45396825396825397,844.6710658073425,main,combined_mobility_orientation_nlos,1,844.757728099823
omn_pf,300.0,75.0,42.0,1.0,1.0,1.0,stress,static,0.6666666666666666,0.0,0.0,113.0,47.0,0.0,1.0,0.0,0.0,0.0,0.0,1.0,0.0,29.062084468870275,-7.475980599539552,182.6456499975039,0.0,0.05658095238095237,0.025501587301587296,0.9434190476190476,0.9744984126984128,32.75945359467824,75.0,28.700776147428297,-300.0,97.08084788895425,0.13025396825396826,0.06427089947089946,0.8697460317460317,0.9357291005291005,22.707205587797237,0.39968415652556205,0.20031595703748686,30.39300926286506,0.014943157443157445,0.06002346080160725,0.16640423280423283,30.393009262865064,0.0,0.0,14.211982578255133,11.656698086683733,47.0,36.91984126984127,75.0,0.9814285714285714,0.20389026301022053,0.13844029512798586,0.08921523773496812,0.04953911962170933,0.9107847622650319,0.9504608803782907,0.033673993183403014,0.008839925134794015,0.45396825396825397,864.8954665660858,main,combined_mobility_orientation_nlos,1,864.9828636646271
rr1,300.0,75.0,42.0,1.0,1.0,1.0,stress,static,0.6666666666666666,0.0,0.0,113.0,47.0,0.0,1.0,0.0,0.0,0.0,0.0,1.0,0.0,27.078219706096366,-300.0,88.58918204636971,0.0,0.022961904761904756,0.010516402116402111,0.9770380952380953,0.9894835978835979,42.518279374317935,75.0,26.386000104356086,-300.0,74.16855783302626,0.10708465608465606,0.05287301587301588,0.8929153439153439,0.9471269841269842,20.68727608921761,0.1678660329823972,0.0791929845056547,14.742552324842533,0.014907764907764907,0.02731867904919052,0.16641481481481482,14.742552324842533,0.0,0.0,6.479987204663519,4.921762927048709,12.0,13.281825396825397,28.0,0.6392857142857142,0.1644055002245444,0.16625400430744458,0.023926278971316564,0.014102930064222611,0.9760737210286834,0.9858970699357774,0.023217923026624062,0.008122545368175721,0.42634920634920637,817.6886303424835,main,combined_mobility_orientation_nlos,2,817.7498226165771
max_sinr,300.0,75.0,42.0,1.0,1.0,1.0,stress,static,0.6666666666666666,0.0,0.0,113.0,47.0,0.0,1.0,0.0,0.0,0.0,0.0,1.0,0.0,29.036811955554327,-7.117456358733083,188.00063118988922,0.0,0.05966455026455026,0.02883597883597883,0.9403354497354497,0.9711640211640211,48.31280269530428,75.0,29.639007762234577,-300.0,113.100122709039,0.14757671957671958,0.07043280423280424,0.8524232804232804,0.9295671957671958,31.852962506345637,0.36361123329288547,0.18241360578027208,31.286090224533712,0.014907764907764907,0.06484129063303157,0.16641481481481482,31.286090224533716,0.0,0.0,17.315705083318257,15.740278943372097,64.0,43.03507936507936,75.0,0.9858730158730159,0.2090367881184542,0.13237035530522842,0.09645345752255241,0.06172006919664235,0.9035465424774476,0.9382799308033577,0.03234405207939381,0.004264935721399335,0.42634920634920637,837.2685570716858,main,combined_mobility_orientation_nlos,2,837.330239534378
proportional_fair,300.0,75.0,42.0,1.0,1.0,1.0,stress,static,0.6666666666666666,0.0,0.0,113.0,47.0,0.0,1.0,0.0,0.0,0.0,0.0,1.0,0.0,28.979561726460545,-8.415183347846497,176.3549696416097,0.0,0.04999576719576719,0.020366137566137563,0.9500042328042329,0.9796338624338624,34.29607676064165,75.0,26.622931057170884,-300.0,74.36446774855139,0.11122328042328043,0.05810793650793651,0.8887767195767196,0.9418920634920634,23.32149033170885,0.3775709774613304,0.1731601066577222,29.348079614580765,0.014907764907764907,0.05456286861994023,0.16641481481481482,29.348079614580765,0.0,0.0,12.09504555645332,10.542955418445601,43.0,35.105873015873016,75.0,0.9806349206349206,0.17526805907431114,0.15946385140847638,0.06562504829428416,0.030805294589826334,0.9343749517057158,0.9691947054101737,0.039535624867867554,0.013319692337713358,0.42634920634920637,830.2996952533722,main,combined_mobility_orientation_nlos,2,830.3613586425781
rr1,300.0,75.0,42.0,1.0,1.0,1.0,stress,static,0.6666666666666666,0.0,0.0,113.0,47.0,0.0,1.0,0.0,0.0,0.0,0.0,1.0,0.0,26.81115152303399,-300.0,86.69256608976795,0.0,0.02239576719576719,0.010312169312169306,0.9776042328042328,0.9896878306878307,42.88586757153338,75.0,26.486873219293805,-300.0,73.94211334581634,0.10585925925925925,0.05262539682539682,0.8941407407407408,0.9473746031746032,20.673093797626194,0.16469179438280757,0.07795824919991803,14.426101688163259,0.014957099957099958,0.026884009617770214,0.16640529100529103,14.426101688163259,0.0,0.0,6.468263519826762,4.914971143347372,12.0,13.356031746031746,28.0,0.6409523809523809,0.16604752623429522,0.16545116140369936,0.023065340634218372,0.013727994454976772,0.9769346593657816,0.9862720055450233,0.022203399458894064,0.007983087198690045,0.47619047619047616,818.0598466396332,main,combined_mobility_orientation_nlos,3,818.1259996891022
omn_pf,300.0,75.0,42.0,1.0,1.0,1.0,stress,static,0.6666666666666666,0.0,0.0,113.0,47.0,0.0,1.0,0.0,0.0,0.0,0.0,1.0,0.0,28.955114602962094,-6.975503488722984,184.77863981874364,0.0,0.05717671957671956,0.02606243386243386,0.9428232804232805,0.9739375661375661,33.05099292562933,75.0,28.66665497991551,-300.0,96.79088108394969,0.13115978835978837,0.06436296296296297,0.8688402116402116,0.935637037037037,22.727148879292617,0.4010349610511304,0.20222635807139164,30.749903127169585,0.014907764907764907,0.06122302266202989,0.1664148148148148,30.74990312716959,0.0,0.0,14.21979204533261,11.595636941737569,47.0,36.8815873015873,75.0,0.979047619047619,0.20326965300996588,0.13761955359768893,0.08935232542637768,0.05071391133068799,0.9106476745736223,0.949286088669312,0.03414933438839487,0.008441421480466319,0.42634920634920637,861.8073325157166,main,combined_mobility_orientation_nlos,2,861.8729717731476
omn_pf_a,300.0,75.0,42.0,1.0,1.0,1.0,stress,adaptive_ofdma_power_fixed_delta,0.6666666666666666,0.0,0.0,113.0,47.0,0.0,1.0,0.0,0.0,1.0,1.0,2.0,32.0,5.430639857939347,-300.0,46.241628091593206,0.0,0.01827407407407407,0.0009788359788359773,0.9817259259259259,0.999021164021164,70.11325659116227,75.0,3.4276025337675886,-300.0,20.54135313226028,0.0401989417989418,0.003652910052910051,0.9598010582010582,0.99634708994709,62.48244740858716,0.07225490503399362,0.005288228844682667,11.831152978698073,0.014943157443157445,0.06967101093283692,0.25585502645502645,11.831152978698075,0.0,0.0,4.539587451134005,4.828858461284918,11.0,12.667619047619048,28.0,0.5561111111111111,0.26930875600779985,0.24501605767117893,0.03603185033320843,0.0005665050440973856,0.9639681496667916,0.9994334949559026,0.006099244561355402,0.0013573013097074682,0.45396825396825397,1994.33500623703,main,combined_mobility_orientation_nlos,1,1994.4021534919739
max_sinr,300.0,75.0,42.0,1.0,1.0,1.0,stress,static,0.6666666666666666,0.0,0.0,113.0,47.0,0.0,1.0,0.0,0.0,0.0,0.0,1.0,0.0,29.335978816884353,-7.942900330647252,185.38749190429016,0.0,0.0584074074074074,0.02871534391534391,0.9415925925925926,0.9712846560846561,48.69821731748727,75.0,29.704193549376242,-300.0,113.16887234182323,0.14646455026455027,0.0707904761904762,0.8535354497354497,0.9292095238095238,31.884640522875817,0.3566258335343604,0.18026827070664683,30.849459539074434,0.014957099957099958,0.0632727023267333,0.16640529100529103,30.84945953907443,0.0,0.0,17.27790944287,15.934038593794247,64.0,43.30238095238095,75.0,0.9864285714285714,0.20889897563237378,0.13177746672933363,0.09403707620211856,0.06076017482627821,0.9059629237978815,0.9392398251737217,0.031245938560158126,0.0043117501204713695,0.47619047619047616,827.4463212490082,main,combined_mobility_orientation_nlos,3,827.5083446502686
proportional_fair,300.0,75.0,42.0,1.0,1.0,1.0,stress,static,0.6666666666666666,0.0,0.0,113.0,47.0,0.0,1.0,0.0,0.0,0.0,0.0,1.0,0.0,29.122551446991555,-9.967306134860422,174.76139487055397,0.0,0.049463492063492064,0.020242328042328037,0.9505365079365079,0.9797576719576719,34.061915973806194,75.0,26.635912374686043,-300.0,74.10963711722513,0.11027195767195766,0.058011640211640216,0.8897280423280424,0.9419883597883598,23.303115183246074,0.3761337332855316,0.17440468328780848,29.081220769925103,0.014957099957099958,0.053602060758483436,0.16640529100529103,29.0812207699251,0.0,0.0,11.911117381605028,10.633159656606015,43.0,35.23134920634921,75.0,0.9792063492063492,0.17632846265503854,0.15832278883564552,0.06424588912405645,0.0302633330584222,0.9357541108759435,0.9697366669415778,0.039107497272646,0.013297903887425593,0.47619047619047616,828.2045931816101,main,combined_mobility_orientation_nlos,3,828.2670664787292
omn_pf_a,300.0,75.0,42.0,1.0,1.0,1.0,stress,adaptive_ofdma_power_fixed_delta,0.6666666666666666,0.0,0.0,113.0,47.0,0.0,1.0,0.0,0.0,1.0,1.0,2.0,32.0,5.362021455849767,-300.0,46.86450464369533,0.0,0.018761904761904754,0.0008708994708994694,0.9812380952380952,0.9991291005291005,70.57684257736582,75.0,3.293386692819946,-300.0,20.61408464168597,0.040614814814814805,0.003353439153439151,0.9593851851851852,0.9966465608465609,63.30360263476274,0.07290863716701625,0.004706047535138536,12.014967965138549,0.014907764907764907,0.07061804557693246,0.2563767195767196,12.014967965138549,0.0,0.0,4.511758242690645,4.797045552286488,11.0,12.491428571428571,28.0,0.5383333333333333,0.2699366475088002,0.24380805411654138,0.036666272873510944,0.0004088049505724202,0.963333727126489,0.9995911950494276,0.006177671386200823,0.0012259361457372124,0.42634920634920637,2007.4406378269196,main,combined_mobility_orientation_nlos,2,2007.5082714557648
omn_pf,300.0,75.0,42.0,1.0,1.0,1.0,stress,static,0.6666666666666666,0.0,0.0,113.0,47.0,0.0,1.0,0.0,0.0,0.0,0.0,1.0,0.0,28.957876262664172,-7.816684384733772,181.97074586960673,0.0,0.05619153439153439,0.02589312169312169,0.9438084656084657,0.9741068783068783,32.72650028441411,75.0,28.787644298995538,-300.0,97.079708592468,0.1302042328042328,0.06491534391534391,0.8697957671957672,0.9350846560846561,22.48257174842255,0.39839908456557016,0.2031026655762208,30.280894920881764,0.014957099957099958,0.06019988277363802,0.16640529100529103,30.280894920881764,0.0,0.0,14.110871450087233,11.688161194118432,47.0,37.045476190476194,75.0,0.9798412698412698,0.20332690895676464,0.13678570138060375,0.08729881677166627,0.049904251577065996,0.9127011832283337,0.950095748422934,0.032752478137456464,0.008286703098827815,0.47619047619047616,872.9010279178619,main,combined_mobility_orientation_nlos,3,872.9636812210083
rr1,300.0,75.0,42.0,1.0,1.0,1.0,stress,static,0.6666666666666666,0.0,0.0,113.0,47.0,0.0,1.0,0.0,0.0,0.0,0.0,1.0,0.0,27.27101246120098,-300.0,89.44728767042263,0.0,0.023061375661375658,0.010535449735449731,0.9769386243386243,0.9894645502645503,42.37487537387837,75.0,26.858525032965925,-300.0,76.07384846010245,0.10801587301587301,0.05411746031746031,0.891984126984127,0.9458825396825397,20.241372282608694,0.16924034116910516,0.07956429500655103,14.88582707943318,0.015066495066495069,0.02732458672326885,0.16642010582010583,14.88582707943318,0.0,0.0,6.507186325624598,4.919979513956117,12.0,13.52936507936508,28.0,0.6516666666666666,0.16603680617446478,0.16485488552768227,0.02331011200608028,0.013669812069766661,0.9766898879939198,0.9863301879302333,0.023156280979928185,0.008504439275138742,0.48158730158730156,819.2158741950989,main,combined_mobility_orientation_nlos,4,819.2796022891998
max_sinr,300.0,75.0,42.0,1.0,1.0,1.0,stress,static,0.6666666666666666,0.0,0.0,113.0,47.0,0.0,1.0,0.0,0.0,0.0,0.0,1.0,0.0,29.068290850702063,-7.60944108102363,185.56924396144998,0.0,0.05931216931216931,0.02888994708994709,0.9406878306878307,0.9711100529100529,47.89160839160839,75.0,30.072761951865537,-300.0,116.43281468748698,0.14883597883597882,0.07347936507936509,0.8511640211640212,0.926520634920635,31.305849542334094,0.36539596715368045,0.1858483905759381,30.88245321702154,0.015066495066495069,0.06405878598104606,0.16642010582010583,30.88245321702154,0.0,0.0,17.20032720126155,15.889081630594832,64.0,43.168730158730156,75.0,0.9861904761904762,0.2086575426932899,0.13212729871799248,0.09430560715187275,0.06120328763949856,0.9056943928481272,0.9387967123605014,0.03167215741078474,0.004324979169424756,0.48158730158730156,834.9326617717743,main,combined_mobility_orientation_nlos,4,834.9984712600708
proportional_fair,300.0,75.0,42.0,1.0,1.0,1.0,stress,static,0.6666666666666666,0.0,0.0,113.0,47.0,0.0,1.0,0.0,0.0,0.0,0.0,1.0,0.0,29.270362501666657,-9.547337609200655,177.56170386943498,0.0,0.05002645502645502,0.020767195767195764,0.949973544973545,0.9792328042328042,33.63654538184726,75.0,26.986964795006422,-300.0,76.08484405801218,0.11190476190476191,0.059557671957671955,0.888095238095238,0.9404423280423281,22.63442339038305,0.3803335151297137,0.18186258420525744,29.54983754754966,0.015066495066495069,0.05380896852411918,0.16642010582010583,29.549837547549664,0.0,0.0,11.696777399032229,10.616920049598361,43.0,35.06706349206349,74.0,0.9776190476190476,0.17572078766406965,0.15964764146105004,0.06377623897712927,0.03051516762684093,0.9362237610228707,0.9694848323731591,0.039815142025782034,0.014017237562983693,0.48158730158730156,841.7776596546173,main,combined_mobility_orientation_nlos,4,841.8431363105774
omn_pf,300.0,75.0,42.0,1.0,1.0,1.0,stress,static,0.6666666666666666,0.0,0.0,113.0,47.0,0.0,1.0,0.0,0.0,0.0,0.0,1.0,0.0,29.0372481828056,-7.526652682607086,183.9576321697846,0.0,0.05696613756613757,0.02641058201058201,0.9430338624338624,0.973589417989418,32.32868336905724,75.0,29.133805725707496,-300.0,100.17495679915737,0.1327132275132275,0.06724973544973545,0.8672867724867726,0.9327502645502646,21.994435572412417,0.4027108118248174,0.2113921452686535,30.614248612111655,0.015066495066495069,0.0605906434424158,0.16642010582010583,30.614248612111652,0.0,0.0,14.163513693802257,11.700105455463632,47.0,36.93674603174603,75.0,0.9800793650793651,0.20299842162113294,0.13731756543320192,0.08729074685167415,0.05032218004658584,0.9127092531483258,0.9496778199534142,0.033308406128100064,0.008756056618646096,0.48158730158730156,861.8968894481659,main,combined_mobility_orientation_nlos,4,861.9613778591156
omn_pf_a,300.0,75.0,42.0,1.0,1.0,1.0,stress,adaptive_ofdma_power_fixed_delta,0.6666666666666666,0.0,0.0,113.0,47.0,0.0,1.0,0.0,0.0,1.0,1.0,2.0,32.0,5.493004247353738,-300.0,46.49161830397663,0.0,0.0187058201058201,0.0010084656084656067,0.9812941798941799,0.9989915343915344,70.02277110221036,75.0,3.4936448800347057,-300.0,20.511275432650738,0.04081798941798941,0.0036507936507936484,0.9591820105820106,0.9963492063492063,62.379091029548164,0.07392542587054324,0.005419549482283861,11.911398596877246,0.014957099957099958,0.06938460176314738,0.256205291005291,11.911398596877245,0.0,0.0,4.554116531876695,4.819701582599633,11.0,12.602857142857143,28.0,0.5528571428571428,0.2687718614268567,0.24406040444382765,0.03609320976810424,0.0005214118839594778,0.9639067902318957,0.9994785881160405,0.0061546267341627756,0.0013864918227618523,0.47619047619047616,1983.6278693675995,main,combined_mobility_orientation_nlos,3,1983.6965465545654
rr1,300.0,75.0,42.0,1.0,1.0,1.0,stress,static,0.6666666666666666,0.0,0.0,113.0,47.0,0.0,1.0,0.0,0.0,0.0,0.0,1.0,0.0,27.060716592315206,-300.0,89.09746732365602,0.0,0.02298412698412698,0.010252910052910048,0.977015873015873,0.9897470899470899,43.030502392344495,75.0,26.558116896567128,-300.0,75.32529736408345,0.1075978835978836,0.052823280423280425,0.8924021164021164,0.9471767195767196,20.64827331657016,0.16921322661062083,0.07824050099749126,14.824592883211697,0.015035392535392534,0.027299979660032385,0.1663862433862434,14.824592883211698,0.0,0.0,6.499007440434477,4.927319126578557,12.0,13.476111111111111,28.0,0.6442857142857142,0.1654676754328591,0.16553890061249193,0.02336566223626269,0.013473977361757856,0.9766343377637373,0.9865260226382422,0.023052829344985946,0.008292189243065228,0.44476190476190475,831.0252268314362,main,combined_mobility_orientation_nlos,5,831.0881712436676
max_sinr,300.0,75.0,42.0,1.0,1.0,1.0,stress,static,0.6666666666666666,0.0,0.0,113.0,47.0,0.0,1.0,0.0,0.0,0.0,0.0,1.0,0.0,29.349705877125313,-7.243187951621043,188.10034211527616,0.0,0.05953968253968253,0.028326984126984124,0.9404603174603174,0.9716730158730159,48.25176037834997,75.0,29.744054819269202,-300.0,114.0427829549398,0.14774179894179895,0.07047195767195767,0.852258201058201,0.9295280423280423,31.813552569628047,0.3644785652473885,0.1795648959402503,31.29730930422799,0.015035392535392534,0.06399417686382743,0.16638624338624342,31.29730930422799,0.0,0.0,17.631159590347504,15.819844967467267,64.0,43.27293650793651,75.0,0.9846031746031746,0.20856417084173368,0.13476517742665584,0.09488318464537167,0.06070207670344577,0.9051168153546283,0.9392979232965543,0.03274881061365871,0.004268040739178422,0.44476190476190475,831.2571444511414,main,combined_mobility_orientation_nlos,5,831.3197860717773
proportional_fair,300.0,75.0,42.0,1.0,1.0,1.0,stress,static,0.6666666666666666,0.0,0.0,113.0,47.0,0.0,1.0,0.0,0.0,0.0,0.0,1.0,0.0,29.080603830010205,-8.766910311969557,175.79241774970947,0.0,0.04988888888888888,0.01992486772486772,0.9501111111111111,0.9800751322751323,34.53542396897606,75.0,26.679168376202878,-300.0,74.46064349437596,0.11077142857142856,0.05743492063492063,0.8892285714285715,0.9425650793650794,23.50071236346367,0.3776544233821246,0.1717718739813993,29.249440005159332,0.015035392535392534,0.05402500059006236,0.1663862433862434,29.249440005159325,0.0,0.0,12.074421595876759,10.617780653161349,43.0,35.31650793650794,75.0,0.9782539682539683,0.17561393342708814,0.16175449662734404,0.06505432430510603,0.030424407564095847,0.934945675694894,0.9695755924359042,0.03981504408798687,0.013436769567461655,0.44476190476190475,831.7629191875458,main,combined_mobility_orientation_nlos,5,831.8257348537445
omn_pf,300.0,75.0,42.0,1.0,1.0,1.0,stress,static,0.6666666666666666,0.0,0.0,113.0,47.0,0.0,1.0,0.0,0.0,0.0,0.0,1.0,0.0,28.939478796058392,-7.131249336356099,183.57636014027597,0.0,0.056896296296296285,0.025466666666666665,0.9431037037037037,0.9745333333333334,32.93519776839997,75.0,28.803163882140872,-300.0,97.9963374358117,0.13148042328042328,0.06457037037037036,0.8685195767195767,0.9354296296296296,22.55686544693664,0.40216336057247487,0.20037915741650597,30.544580938260626,0.015035392535392534,0.060624598948860534,0.1663862433862434,30.54458093826063,0.0,0.0,14.316052938041958,11.619295554441134,48.0,37.061031746031745,75.0,0.9788095238095238,0.203010809137742,0.13994345621631982,0.08806772883866516,0.049648791404723516,0.9119322711613348,0.9503512085952764,0.034037819180400865,0.008454613172796843,0.44476190476190475,871.650897026062,main,combined_mobility_orientation_nlos,5,871.7131021022797
omn_pf_a,300.0,75.0,42.0,1.0,1.0,1.0,stress,adaptive_ofdma_power_fixed_delta,0.6666666666666666,0.0,0.0,113.0,47.0,0.0,1.0,0.0,0.0,1.0,1.0,2.0,32.0,5.729587004228445,-300.0,47.694581505806305,0.0,0.019371428571428567,0.0010645502645502628,0.9806285714285714,0.9989354497354498,69.68288181885288,75.0,3.8034657708357673,-300.0,21.222998824451082,0.04279153439153439,0.004095238095238093,0.9572084656084656,0.995904761904762,61.06475473656891,0.0769575035444431,0.005841358450592639,12.183214934847726,0.015066495066495069,0.06999687300815169,0.255442328042328,12.183214934847726,0.0,0.0,4.622694169907864,4.852930627784752,11.0,12.786825396825396,28.0,0.5581746031746032,0.2680010107341741,0.24416515797365299,0.03656512010305388,0.0005275037824805499,0.9634348798969461,0.9994724962175194,0.006716253259440843,0.001490115084767204,0.48158730158730156,1992.4962124824524,main,combined_mobility_orientation_nlos,4,1992.5703015327454
rr1,300.0,75.0,42.0,1.0,1.0,1.0,stress,static,0.6666666666666666,0.0,0.0,113.0,47.0,0.0,1.0,0.0,0.0,0.0,0.0,1.0,0.0,26.89023431133986,-300.0,88.20720383430044,0.0,0.023009523809523806,0.010623280423280418,0.9769904761904762,0.9893767195767196,42.38071710257921,75.0,26.509935013694236,-300.0,75.84798940613793,0.10862857142857141,0.0547100529100529,0.8913714285714286,0.9452899470899471,20.15930222061744,0.1703280033557263,0.08070464102484465,14.675718557942387,0.01516623766623767,0.027360170112919798,0.16637777777777776,14.675718557942387,0.0,0.0,6.502337041689099,4.927245889130041,12.0,13.508412698412698,28.0,0.6446825396825396,0.16503207589138705,0.16541619535239208,0.024003281164194527,0.014305905880861464,0.9759967188358055,0.9856940941191386,0.022717467449618094,0.008135328370489242,0.5377777777777778,819.4173719882965,main,combined_mobility_orientation_nlos,6,819.4801428318024
max_sinr,300.0,75.0,42.0,1.0,1.0,1.0,stress,static,0.6666666666666666,0.0,0.0,113.0,47.0,0.0,1.0,0.0,0.0,0.0,0.0,1.0,0.0,28.72689780189353,-7.4860490689904715,185.6516665575629,0.0,0.05927936507936508,0.029498412698412694,0.940720634920635,0.9705015873015873,48.00942260377951,75.0,29.71795958746665,-300.0,116.43776619890568,0.15043809523809523,0.07319576719576719,0.8495619047619047,0.9268042328042329,31.255085290129184,0.36363157354360465,0.18626766986556703,30.888311722588295,0.01516623766623767,0.06450333768563986,0.16637777777777776,30.8883117225883,0.0,0.0,17.724451951682827,15.847055983585122,64.0,43.1581746031746,75.0,0.9859523809523809,0.20733909578128584,0.13270863237991778,0.09432353748740925,0.062309594723891616,0.9056764625125907,0.9376904052761084,0.03088609042963365,0.003832619276054589,0.5377777777777778,837.0376505851746,main,combined_mobility_orientation_nlos,6,837.1007854938507
proportional_fair,300.0,75.0,42.0,1.0,1.0,1.0,stress,static,0.6666666666666666,0.0,0.0,113.0,47.0,0.0,1.0,0.0,0.0,0.0,0.0,1.0,0.0,28.99136186638401,-8.826191981948389,176.94721401635027,0.0,0.05025608465608466,0.020817989417989412,0.9497439153439153,0.9791820105820106,33.66661815535747,75.0,26.55489315150237,-300.0,75.57097854403196,0.11317354497354497,0.05991428571428571,0.8868264550264551,0.9400857142857143,22.85635998765051,0.3825072058953618,0.1802385830666106,29.440084252009214,0.01516623766623767,0.054323000742701376,0.16637777777777776,29.440084252009218,0.0,0.0,11.892511327163342,10.601313434442664,43.0,35.002857142857145,75.0,0.9786507936507937,0.17326549352551085,0.1613339385587202,0.06458557519348121,0.031164160739555104,0.9354144248065188,0.9688358392604449,0.03950179203796065,0.013607409941463236,0.5377777777777778,839.4654407501221,main,combined_mobility_orientation_nlos,6,839.5301220417023
omn_pf_a,300.0,75.0,42.0,1.0,1.0,1.0,stress,adaptive_ofdma_power_fixed_delta,0.6666666666666666,0.0,0.0,113.0,47.0,0.0,1.0,0.0,0.0,1.0,1.0,2.0,32.0,5.489201405923349,-300.0,47.0743962695034,0.0,0.01824338624338624,0.0009682539682539668,0.9817566137566137,0.999031746031746,70.10879251448091,75.0,3.477658383187428,-300.0,20.88260144514311,0.040649735449735436,0.003597883597883596,0.9593502645502645,0.9964021164021164,62.6063829787234,0.07228332786242449,0.005192589036079029,12.060958466006236,0.015035392535392534,0.07016620283691552,0.256210582010582,12.060958466006236,0.0,0.0,4.558117038593771,4.800607861216405,11.0,12.582857142857144,28.0,0.5428571428571428,0.2696659627028776,0.24570023298235297,0.03536562109975628,0.00044072815659351077,0.9646343789002437,0.9995592718434065,0.0064020802943103965,0.001387283360419071,0.44476190476190475,1979.8813962936401,main,combined_mobility_orientation_nlos,5,1979.9509479999542
omn_pf,300.0,75.0,42.0,1.0,1.0,1.0,stress,static,0.6666666666666666,0.0,0.0,113.0,47.0,0.0,1.0,0.0,0.0,0.0,0.0,1.0,0.0,28.797122515617566,-7.28716664696245,183.92827425911187,0.0,0.05708359788359788,0.02658201058201058,0.9429164021164022,0.9734179894179894,32.25611894242233,75.0,28.692664016050283,-300.0,98.98884971899406,0.13333121693121694,0.06686560846560846,0.866668783068783,0.9331343915343915,21.94326382322202,0.40459224869163163,0.20873326465308495,30.60157754173268,0.01516623766623767,0.061043670005046874,0.1663777777777778,30.60157754173268,0.0,0.0,14.135298350129146,11.636749043532209,47.0,36.79698412698413,75.0,0.979920634920635,0.2005049665844988,0.13903222534578713,0.08738397686093098,0.0510474039398418,0.912616023139069,0.9489525960601582,0.033342709065937316,0.008364701476859547,0.5377777777777778,861.274983882904,main,combined_mobility_orientation_nlos,6,861.3365533351898
rr1,300.0,75.0,42.0,1.0,1.0,1.0,stress,static,0.6666666666666666,0.0,0.0,113.0,47.0,0.0,1.0,0.0,0.0,0.0,0.0,1.0,0.0,27.250082250762784,-300.0,89.11489919448061,0.0,0.022921693121693117,0.010448677248677242,0.9770783068783069,0.9895513227513227,42.63557196917886,75.0,26.601174790196037,-300.0,75.05349863289327,0.10748888888888888,0.05262433862433862,0.8925111111111111,0.9473756613756614,20.54643930874624,0.16984108703988482,0.07941267177251186,14.826361688945845,0.015010725010725012,0.02716077303904398,0.16637354497354495,14.826361688945848,0.0,0.0,6.493699299867274,4.930817570697145,12.0,13.522698412698412,29.0,0.6455555555555555,0.16509422145503852,0.1657588428163064,0.023521101200442103,0.013863897398808805,0.9764788987995578,0.9861361026011912,0.022902625863489467,0.008189936009052337,0.45555555555555555,825.57408452034,main,combined_mobility_orientation_nlos,7,825.6385397911072
max_sinr,300.0,75.0,42.0,1.0,1.0,1.0,stress,static,0.6666666666666666,0.0,0.0,113.0,47.0,0.0,1.0,0.0,0.0,0.0,0.0,1.0,0.0,29.342366886729955,-7.819211285148175,185.19551956824213,0.0,0.05870264550264549,0.02846560846560846,0.9412973544973545,0.9715343915343916,48.27531811967609,75.0,29.82216399316506,-300.0,114.40867852037672,0.14834391534391533,0.0711936507936508,0.8516560846560847,0.9288063492063492,31.587504948357147,0.35639048398443174,0.18041568958935503,30.81163510378596,0.015010725010725012,0.06319524372789956,0.16637354497354495,30.81163510378596,0.0,0.0,17.76350559005664,15.942707384696336,65.0,43.392380952380954,75.0,0.9859523809523809,0.2096835579470706,0.1336309463151202,0.09535487490273582,0.06067993710617035,0.9046451250972641,0.9393200628938296,0.03180537729981244,0.00446682440361179,0.45555555555555555,826.9989395141602,main,combined_mobility_orientation_nlos,7,827.0623452663422
proportional_fair,300.0,75.0,42.0,1.0,1.0,1.0,stress,static,0.6666666666666666,0.0,0.0,113.0,47.0,0.0,1.0,0.0,0.0,0.0,0.0,1.0,0.0,29.149339093314634,-9.922282127446461,175.19529467443874,0.0,0.049611640211640204,0.020448677248677247,0.9503883597883598,0.9795513227513227,34.16408931537184,75.0,26.737733766951806,-300.0,74.60732747858766,0.11089523809523809,0.057913227513227514,0.889104761904762,0.9420867724867725,23.281780381286122,0.37713615312070714,0.17621229615750625,29.147862237671198,0.015010725010725012,0.053619868476990316,0.16637354497354495,29.1478622376712,0.0,0.0,12.19137753525885,10.699566735029268,43.0,35.291111111111114,75.0,0.9787301587301588,0.1765955938122528,0.16038705798036787,0.06502597035642779,0.030967462690329156,0.9349740296435722,0.9690325373096709,0.03936678892463751,0.013336912923587501,0.45555555555555555,830.7172968387604,main,combined_mobility_orientation_nlos,7,830.7800674438477
omn_pf,300.0,75.0,42.0,1.0,1.0,1.0,stress,static,0.6666666666666666,0.0,0.0,113.0,47.0,0.0,1.0,0.0,0.0,0.0,0.0,1.0,0.0,28.990168343624838,-7.721951311418541,182.23866896991106,0.0,0.05637037037037037,0.025786243386243378,0.9436296296296296,0.9742137566137566,32.84335200313938,75.0,28.81876535596455,-300.0,97.28080695907535,0.13093650793650793,0.06489629629629629,0.8690634920634921,0.9351037037037038,22.453323508486633,0.3981055837910545,0.2026988712198901,30.319693387784472,0.015010725010725012,0.06002768316346364,0.16637354497354495,30.319693387784472,0.0,0.0,14.474442897700689,11.723220929194321,48.0,37.016825396825396,75.0,0.9798412698412698,0.20367554462532436,0.13943843892006538,0.08808819641428475,0.049967434372861455,0.9119118035857152,0.9500325656271386,0.03390588698683332,0.008764554208617808,0.45555555555555555,870.1547212600708,main,combined_mobility_orientation_nlos,7,870.2171323299408
omn_pf_a,300.0,75.0,42.0,1.0,1.0,1.0,stress,adaptive_ofdma_power_fixed_delta,0.6666666666666666,0.0,0.0,113.0,47.0,0.0,1.0,0.0,0.0,1.0,1.0,2.0,32.0,5.556257474527211,-300.0,47.28765579027771,0.0,0.01906666666666666,0.000956613756613755,0.9809333333333333,0.9990433862433863,70.20867107905109,75.0,3.5157723458093377,-300.0,20.927684307054143,0.042105820105820105,0.0035513227513227492,0.9578941798941799,0.9964486772486773,62.70520077245788,0.07558855282791822,0.005173092391948469,12.086674780147584,0.01516623766623767,0.07054513802370804,0.25559894179894177,12.086674780147584,0.0,0.0,4.5522318737562015,4.83380632038975,11.0,12.692619047619047,28.0,0.550952380952381,0.2662997719153965,0.24551012681126108,0.036774592897531114,0.0006285378728483367,0.9632254071024688,0.9993714621271517,0.006303251127299903,0.001261887925711104,0.5377777777777778,1988.3407900333405,main,combined_mobility_orientation_nlos,6,1988.415096282959
rr1,300.0,75.0,42.0,1.0,1.0,1.0,stress,static,0.6666666666666666,0.0,0.0,113.0,47.0,0.0,1.0,0.0,0.0,0.0,0.0,1.0,0.0,27.056535349700304,-300.0,89.18616709452375,0.0,0.023039153439153432,0.010424338624338617,0.9769608465608466,0.9895756613756613,42.73208736976787,75.0,26.478940409403755,-300.0,75.34253963734439,0.1077100529100529,0.053524867724867725,0.8922899470899471,0.9464751322751322,20.461635248901903,0.170138866348885,0.07974733741078019,14.830291122821555,0.014897039897039898,0.02737272222066034,0.16628465608465606,14.830291122821553,0.0,0.0,6.5161476338466215,4.933041556311087,12.0,13.47015873015873,28.0,0.6467460317460317,0.1657244185848803,0.16553195905356838,0.02391577616107322,0.013932300517849334,0.9760842238389268,0.9860676994821507,0.023089221553685087,0.0082495917899159,0.48253968253968255,818.9525091648102,main,combined_mobility_orientation_nlos,8,819.015038728714
max_sinr,300.0,75.0,42.0,1.0,1.0,1.0,stress,static,0.6666666666666666,0.0,0.0,113.0,47.0,0.0,1.0,0.0,0.0,0.0,0.0,1.0,0.0,29.07526624147554,-7.306026014690063,188.02609724257482,0.0,0.059744973544973545,0.028491005291005293,0.9402550264550265,0.9715089947089947,47.9463129308544,75.0,29.57590198226825,-300.0,114.28331049169545,0.14863492063492062,0.07112592592592593,0.8513650793650793,0.9288740740740741,31.398841035913577,0.36553716795206126,0.18520568352461889,31.265854914921658,0.014897039897039898,0.06439626723495842,0.16628465608465612,31.265854914921654,0.0,0.0,17.710090581210107,15.900002018122743,64.0,43.296190476190475,75.0,0.986904761904762,0.2071589704217628,0.13343994814611923,0.09511586515261385,0.061055744146090093,0.9048841348473862,0.93894425585391,0.03311333887227956,0.0041653454228090785,0.48253968253968255,836.9726850986481,main,combined_mobility_orientation_nlos,8,837.0370020866394
proportional_fair,300.0,75.0,42.0,1.0,1.0,1.0,stress,static,0.6666666666666666,0.0,0.0,113.0,47.0,0.0,1.0,0.0,0.0,0.0,0.0,1.0,0.0,28.940896127364645,-8.640884670803393,177.30109879617302,0.0,0.0504042328042328,0.02042751322751322,0.9495957671957672,0.9795724867724868,34.02418495240195,75.0,26.574632318613812,-300.0,75.24713966994037,0.11202116402116402,0.05867619047619047,0.887978835978836,0.9413238095238096,23.112424651839536,0.38167642754976555,0.17758516646172717,29.48245223675326,0.014897039897039898,0.05447738261289488,0.16628465608465612,29.48245223675326,0.0,0.0,12.295991847381533,10.703469731550918,44.0,35.365,75.0,0.9787301587301588,0.1747886247183036,0.1606618275969492,0.06565204458615106,0.031031090524827287,0.934347955413849,0.9689689094751727,0.040221232587375096,0.013464172750071366,0.48253968253968255,840.145444393158,main,combined_mobility_orientation_nlos,8,840.209150314331
omn_pf,300.0,75.0,42.0,1.0,1.0,1.0,stress,static,0.6666666666666666,0.0,0.0,113.0,47.0,0.0,1.0,0.0,0.0,0.0,0.0,1.0,0.0,28.755848029046298,-7.142547383203805,184.13949205433508,0.0,0.0573005291005291,0.025699470899470896,0.9426994708994709,0.9743005291005291,32.62166950113379,75.0,28.663895904601176,-300.0,98.36644260313035,0.13253756613756615,0.06538518518518519,0.8674624338624338,0.9346148148148148,22.268443346276033,0.40301984955563097,0.2045288990705828,30.61957210785837,0.014897039897039898,0.061175447773119986,0.16628465608465612,30.619572107858367,0.0,0.0,14.572734845503726,11.677723924288912,48.0,37.147301587301584,75.0,0.979920634920635,0.20189933225890244,0.13869852139010122,0.08863677986460868,0.050251662375339914,0.9113632201353913,0.94974833762466,0.03450130669024316,0.00821287096229055,0.48253968253968255,862.6017327308655,main,combined_mobility_orientation_nlos,8,862.6638944149017
omn_pf_a,300.0,75.0,42.0,1.0,1.0,1.0,stress,adaptive_ofdma_power_fixed_delta,0.6666666666666666,0.0,0.0,113.0,47.0,0.0,1.0,0.0,0.0,1.0,1.0,2.0,32.0,5.556582326666128,-300.0,46.67431792388205,0.0,0.01883280423280423,0.0009999999999999983,0.9811671957671958,0.999,69.9144634525661,75.0,3.5684550423082624,-300.0,20.79099582435303,0.04126666666666667,0.003844444444444442,0.9587333333333333,0.9961555555555556,61.7816499310888,0.0742989417194133,0.005490411596864145,11.921855568074923,0.015010725010725012,0.06951765497961906,0.25542645502645506,11.921855568074921,0.0,0.0,4.594644507122647,4.847550809507406,11.0,12.81079365079365,29.0,0.5582539682539682,0.2687534671545924,0.24578045628817458,0.036896281056028865,0.0005857097227768793,0.9631037189439712,0.9994142902772232,0.00647453829409105,0.0014029293181613742,0.45555555555555555,1970.3763406276703,main,combined_mobility_orientation_nlos,7,1970.4440851211548
rr1,300.0,75.0,42.0,1.0,1.0,1.0,stress,static,0.6666666666666666,0.0,0.0,113.0,47.0,0.0,1.0,0.0,0.0,0.0,0.0,1.0,0.0,27.44122927294343,-300.0,89.64563016335723,0.0,0.022859259259259253,0.010420105820105816,0.9771407407407408,0.9895798941798942,42.60378132118451,75.0,26.74462480507675,-300.0,75.07243628735812,0.1067037037037037,0.05232804232804232,0.8932962962962963,0.9476719576719577,20.661452565522332,0.1694637310849299,0.07974245372903122,14.92158628801634,0.014982839982839984,0.027361183744582386,0.16645079365079365,14.92158628801634,0.0,0.0,6.513412244155686,4.929650977226217,12.0,13.449603174603174,28.0,0.6467460317460317,0.16620538480530694,0.16516810441693375,0.023316126732518656,0.013345699756861746,0.9766838732674813,0.9866543002431383,0.022978776687010507,0.0082608909029538,0.4638095238095238,829.025538444519,main,combined_mobility_orientation_nlos,9,829.0892539024353
max_sinr,300.0,75.0,42.0,1.0,1.0,1.0,stress,static,0.6666666666666666,0.0,0.0,113.0,47.0,0.0,1.0,0.0,0.0,0.0,0.0,1.0,0.0,29.27959899350924,-7.202952025959356,188.55027811458703,0.0,0.05951957671957672,0.028515343915343914,0.9404804232804232,0.9714846560846561,47.870111586192515,75.0,29.799894022544766,-300.0,114.38185619665362,0.14772063492063492,0.07095873015873015,0.8522793650793651,0.9290412698412699,31.459633783638512,0.36434318472705746,0.18216763518722967,31.384343435250884,0.014982839982839984,0.06421431177876291,0.16645079365079363,31.384343435250884,0.0,0.0,17.23736790906449,15.797681601219365,63.0,42.992777777777775,75.0,0.9853968253968254,0.20911495323996973,0.13378561322238816,0.09507659299673123,0.06016329691896383,0.9049234070032688,0.9398367030810362,0.03310057083484396,0.004518886169316161,0.4638095238095238,829.2800154685974,main,combined_mobility_orientation_nlos,9,829.3436331748962
proportional_fair,300.0,75.0,42.0,1.0,1.0,1.0,stress,static,0.6666666666666666,0.0,0.0,113.0,47.0,0.0,1.0,0.0,0.0,0.0,0.0,1.0,0.0,29.14554229960009,-8.570238074653409,177.13689969142845,0.0,0.04986349206349206,0.02011428571428571,0.950136507936508,0.9798857142857142,34.21110577455943,75.0,26.716450906196684,-300.0,74.62603970422937,0.11045396825396823,0.05744550264550265,0.8895460317460318,0.9425544973544974,23.376479542293257,0.3760233185280995,0.1722903366688195,29.48457753847929,0.014982839982839984,0.05422785086347486,0.16645079365079363,29.48457753847929,0.0,0.0,11.678987095056657,10.56229132306207,43.0,35.076190476190476,75.0,0.9795238095238096,0.17561635303558265,0.16042149999765723,0.06472202598300295,0.02987428384929483,0.9352779740169971,0.9701257161507052,0.039563668580361235,0.013530453101230121,0.4638095238095238,830.2797656059265,main,combined_mobility_orientation_nlos,9,830.3427979946136
omn_pf,300.0,75.0,42.0,1.0,1.0,1.0,stress,static,0.6666666666666666,0.0,0.0,113.0,47.0,0.0,1.0,0.0,0.0,0.0,0.0,1.0,0.0,29.075415260747263,-7.023966586282238,185.3930004156789,0.0,0.05707830687830688,0.025819047619047613,0.9429216931216932,0.9741809523809524,32.71968296843901,75.0,28.851429785012478,-300.0,98.04059633255748,0.13134814814814816,0.06489841269841269,0.8686518518518518,0.9351015873015873,22.34765565727581,0.39964423246710035,0.20145994592120303,30.85881205649167,0.014982839982839984,0.06079539429222097,0.16645079365079363,30.85881205649167,0.0,0.0,14.127446365116043,11.625426155231194,47.0,36.88785714285714,75.0,0.9796825396825397,0.20317031140934524,0.1388736202566648,0.08810618531998624,0.04907364934466317,0.9118938146800137,0.9509263506553368,0.034388073945939505,0.008904987936322977,0.4638095238095238,871.063690662384,main,combined_mobility_orientation_nlos,9,871.1278839111328
omn_pf_a,300.0,75.0,42.0,1.0,1.0,1.0,stress,adaptive_ofdma_power_fixed_delta,0.6666666666666666,0.0,0.0,113.0,47.0,0.0,1.0,0.0,0.0,1.0,1.0,2.0,32.0,5.507813191272243,-300.0,47.391174451639905,0.0,0.01912380952380952,0.0009534391534391519,0.9808761904761905,0.9990465608465608,70.21411572214785,75.0,3.4989371602750197,-300.0,20.9607916285614,0.04183068783068782,0.0035767195767195743,0.9581693121693122,0.9964232804232804,62.724487077005065,0.07591651332932087,0.00505654588557431,12.11258239714771,0.014897039897039898,0.07047047966901916,0.2555873015873016,12.112582397147708,0.0,0.0,4.568748983580101,4.831657463117119,11.0,12.67436507936508,28.049999999999272,0.5428571428571428,0.2682537446312974,0.24499806652199374,0.037446752190397614,0.0005574342891776957,0.9625532478096024,0.9994425657108224,0.006407182759237479,0.0012969398760935239,0.48253968253968255,2000.909238576889,main,combined_mobility_orientation_nlos,8,2000.9819943904877
rr1,300.0,75.0,42.0,1.0,1.0,1.0,stress,static,0.6666666666666666,0.0,0.0,113.0,47.0,0.0,1.0,0.0,0.0,0.0,0.0,1.0,0.0,27.267909954497398,-300.0,88.67498991783597,0.0,0.022816931216931218,0.010441269841269835,0.9771830687830688,0.9895587301587302,42.6397793078291,75.0,26.53756354318396,-300.0,74.89250847601606,0.10718412698412698,0.05315132275132275,0.8928158730158731,0.9468486772486773,20.370913395865585,0.16708503495486032,0.07862475213270574,14.751201867792224,0.015060060060060061,0.02710775369685297,0.16635132275132275,14.751201867792222,0.0,0.0,6.512762527465573,4.929745627483496,12.0,13.45984126984127,28.0,0.6524603174603174,0.16534976762298081,0.1653339603486724,0.023147045469687596,0.013692336010260481,0.9768529545303124,0.9863076639897396,0.023235222005212375,0.008491157679409559,0.4587301587301587,820.0131754875183,main,combined_mobility_orientation_nlos,10,820.0762255191803
max_sinr,300.0,75.0,42.0,1.0,1.0,1.0,stress,static,0.6666666666666666,0.0,0.0,113.0,47.0,0.0,1.0,0.0,0.0,0.0,0.0,1.0,0.0,29.011839225340438,-7.614024428359022,186.12457582045488,0.0,0.059410582010582004,0.028526984126984123,0.940589417989418,0.9714730158730158,48.08264809092338,75.0,29.498768967145345,-300.0,112.42054235890237,0.1470920634920635,0.07003809523809523,0.8529079365079365,0.9299619047619048,31.648444252376837,0.3636669930168192,0.1845594218401154,30.962069384261532,0.015060060060060061,0.06392618474290229,0.16635132275132275,30.962069384261536,0.0,0.0,17.515728480944933,15.74903042661229,63.0,43.18484126984127,75.0,0.9861111111111112,0.20645920207323165,0.1351744107665258,0.09456347527493189,0.06050600933456339,0.9054365247250681,0.9394939906654366,0.032600873521534755,0.0043309814943095284,0.4587301587301587,840.099625825882,main,combined_mobility_orientation_nlos,10,840.1637396812439
proportional_fair,300.0,75.0,42.0,1.0,1.0,1.0,stress,static,0.6666666666666666,0.0,0.0,113.0,47.0,0.0,1.0,0.0,0.0,0.0,0.0,1.0,0.0,28.96203185550144,-9.393163361827247,174.89506172297854,0.0,0.04992486772486772,0.02016402116402116,0.9500751322751323,0.9798359788359788,34.18284849379799,75.0,26.51595355107832,-300.0,74.34308742767574,0.11142116402116403,0.05777460317460318,0.888578835978836,0.9422253968253969,23.188785874264283,0.3764969104460406,0.17284702723086262,29.094024860291718,0.015060060060060061,0.05406438205418096,0.16635132275132275,29.09402486029172,0.0,0.0,12.01681764568969,10.567661104254977,43.0,35.09706349206349,75.0,0.9769047619047619,0.17377159098577827,0.16205812723181795,0.06453806680147371,0.03046674849598357,0.9354619331985263,0.9695332515040165,0.039838390160167436,0.012993193591749469,0.4587301587301587,843.0588223934174,main,combined_mobility_orientation_nlos,10,843.1233940124512
omn_pf,300.0,75.0,42.0,1.0,1.0,1.0,stress,static,0.6666666666666666,0.0,0.0,113.0,47.0,0.0,1.0,0.0,0.0,0.0,0.0,1.0,0.0,28.820992831571665,-7.525773134788918,183.05521904493787,0.0,0.05691746031746032,0.025716402116402113,0.9430825396825396,0.9742835978835979,32.71150429901229,75.0,28.590646322957518,-300.0,96.65447637412028,0.13102433862433863,0.06402751322751322,0.8689756613756614,0.9359724867724868,22.53200866131703,0.4021001341906692,0.20400916057619517,30.451477824658543,0.015060060060060061,0.06059943734902763,0.16635132275132275,30.451477824658543,0.0,0.0,14.315557969668719,11.579474968398154,47.0,36.95793650793651,75.0,0.9794444444444445,0.20075286649348725,0.14042212297964246,0.08752414088061271,0.04954433526523366,0.9124758591193873,0.9504556647347664,0.033896431082854055,0.00835671675951416,0.4587301587301587,910.7865748405457,main,combined_mobility_orientation_nlos,10,910.8567640781403
omn_pf_a,300.0,75.0,42.0,1.0,1.0,1.0,stress,adaptive_ofdma_power_fixed_delta,0.6666666666666666,0.0,0.0,113.0,47.0,0.0,1.0,0.0,0.0,1.0,1.0,2.0,32.0,5.574258226814265,-300.0,47.45525569323592,0.0,0.01869735449735449,0.0010169312169312152,0.9813026455026455,0.9989830687830688,69.88740005922416,75.0,3.4805159077198535,-300.0,20.9578200149574,0.04065714285714286,0.0037142857142857116,0.9593428571428572,0.9962857142857143,62.00131708923279,0.07361753137838782,0.005367936778506748,12.13820071389929,0.014982839982839984,0.07053321405210229,0.2557820105820106,12.138200713899291,0.0,0.0,4.563749427838591,4.831090503177056,11.0,12.705873015873015,28.0,0.5552380952380952,0.26917218960001743,0.24483975467284583,0.03611171666977182,0.000599320110891202,0.9638882833302281,0.9994006798891087,0.006405871451284589,0.00147352835128631,0.4638095238095238,2033.9272470474243,main,combined_mobility_orientation_nlos,9,2034.0121896266937
omn_pf_a,300.0,75.0,42.0,1.0,1.0,1.0,stress,adaptive_ofdma_power_fixed_delta,0.6666666666666666,0.0,0.0,113.0,47.0,0.0,1.0,0.0,0.0,1.0,1.0,2.0,32.0,5.619088332925539,-300.0,47.3523888963996,0.0,0.01904550264550264,0.00101164021164021,0.9809544973544974,0.9989883597883598,69.93954659949623,75.0,3.4909965666105194,-300.0,20.740876067907283,0.041219047619047613,0.003640211640211638,0.9587809523809524,0.9963597883597883,62.57044125465178,0.0756975563754419,0.005414127389469191,12.1006148594737,0.015060060060060061,0.0699772466833856,0.25554391534391535,12.100614859473698,0.0,0.0,4.592156145061173,4.8204834797385265,11.0,12.776587301587302,29.0,0.5476190476190477,0.2678113588474701,0.2460024776999553,0.03699086108333017,0.0005319596715223501,0.9630091389166698,0.9994680403284777,0.006353093943780662,0.0013567692147115097,0.4587301587301587,2088.5710060596466,main,combined_mobility_orientation_nlos,10,2088.642311811447
